station,time,delay,platform,vehicle,destination,train_type,route
Gent,1767701520,0,4,BE.NMBS.S51762,Eeklo,,
Gent,1767701520,0,8,BE.NMBS.IC1833,Ostend,,
Gent,1767702060,0,5,BE.NMBS.L562,Mechelen,,
Gent,1767702120,0,12,BE.NMBS.IC2834,Knokke,,
Gent,1767702180,0,6,BE.NMBS.S53683,Oudenaarde,,
Gent,1767702300,0,10,BE.NMBS.IC512,Eupen,,
Gent,1767702420,0,4,BE.NMBS.IC734,Antwerp-Central,,
Gent,1767702960,0,7,BE.NMBS.IC712,Poperinge,,
Gent,1767703140,0,12,BE.NMBS.IC534,Ostend,,
Gent,1767703140,0,9,BE.NMBS.IC2213,Brussels Airport - Zaventem,,
Gent,1767703260,0,10,BE.NMBS.IC2812,Liège-Guillemins,,
Gent,1767703320,0,4,BE.NMBS.S53663,Lokeren,,
Gent,1767703500,0,11,BE.NMBS.L584,Zeebrugge-Dorp,,
Gent,1767703980,0,5,BE.NMBS.IC1813,Antwerp-Central,,
Gent,1767703980,60,8,BE.NMBS.IC3012,De Panne,,
Gent,1767704100,0,9,BE.NMBS.IC413,Welkenraedt,,
Gent,1767704220,0,6,BE.NMBS.S51784,Ronse/Renaix,,
Gent,1767704220,0,4,BE.NMBS.IC4113,Leuven,,
Gent,1767704400,0,11,BE.NMBS.IC1513,Genk,,
Gent,1767704400,0,12,BE.NMBS.IC1534,Blankenberge,,
Gent,1767704700,0,9,BE.NMBS.S521864,Geraardsbergen,,
Gent,1767704940,0,5,BE.NMBS.IC3035,Antwerp-Central,,
Gent,1767704940,0,11,BE.NMBS.IC434,Kortrijk,,
Gent,1767705060,60,6,BE.NMBS.IC1834,Ostend,,
Gent,1767705120,0,4,BE.NMBS.S51763,Eeklo,,
Gent,1767705180,0,10,BE.NMBS.IC3614,Genk,,
Gent,1767702060,0,5,BE.NMBS.L562,Mechelen,,,,,Tuesday,13
Gent,1767702120,0,12,BE.NMBS.IC2834,Knokke,,,,,Tuesday,13
Gent,1767702180,0,6,BE.NMBS.S53683,Oudenaarde,,,,,Tuesday,13
Gent,1767702300,0,10,BE.NMBS.IC512,Eupen,,,,,Tuesday,13
Gent,1767702420,0,4,BE.NMBS.IC734,Antwerp-Central,,,,,Tuesday,13
Gent,1767702960,0,7,BE.NMBS.IC712,Poperinge,,,,,Tuesday,13
Gent,1767703140,0,12,BE.NMBS.IC534,Ostend,,,,,Tuesday,13
Gent,1767703140,0,9,BE.NMBS.IC2213,Brussels Airport - Zaventem,,,,,Tuesday,13
Gent,1767703260,0,10,BE.NMBS.IC2812,Liège-Guillemins,,,,,Tuesday,13
Gent,1767703320,0,4,BE.NMBS.S53663,Lokeren,,,,,Tuesday,13
Gent,1767703500,0,11,BE.NMBS.L584,Zeebrugge-Dorp,,,,,Tuesday,13
Gent,1767703980,0,5,BE.NMBS.IC1813,Antwerp-Central,,,,,Tuesday,13
Gent,1767703980,60,8,BE.NMBS.IC3012,De Panne,,,,,Tuesday,13
Gent,1767704100,0,9,BE.NMBS.IC413,Welkenraedt,,,,,Tuesday,13
Gent,1767704220,0,6,BE.NMBS.S51784,Ronse/Renaix,,,,,Tuesday,13
Gent,1767704220,0,4,BE.NMBS.IC4113,Leuven,,,,,Tuesday,13
Gent,1767704400,0,11,BE.NMBS.IC1513,Genk,,,,,Tuesday,14
Gent,1767704400,0,12,BE.NMBS.IC1534,Blankenberge,,,,,Tuesday,14
Gent,1767704700,0,9,BE.NMBS.S521864,Geraardsbergen,,,,,Tuesday,14
Gent,1767704940,0,5,BE.NMBS.IC3035,Antwerp-Central,,,,,Tuesday,14
Gent,1767704940,0,11,BE.NMBS.IC434,Kortrijk,,,,,Tuesday,14
Gent,1767705060,60,6,BE.NMBS.IC1834,Ostend,,,,,Tuesday,14
Gent,1767705120,0,4,BE.NMBS.S51763,Eeklo,,,,,Tuesday,14
Gent,1767705180,0,10,BE.NMBS.IC3614,Genk,,,,,Tuesday,14
Gent,1767705660,0,11,BE.NMBS.L563,Mechelen,,,,,Tuesday,14
Gent,1767705720,0,12,BE.NMBS.IC2835,Knokke,,,,,Tuesday,14
0,Ostend,"{'@id': 'http://irail.be/stations/NMBS/008891702', 'id': 'BE.NMBS.008891702', 'name': 'Ostend', 'locationX': '2.925809', 'locationY': '51.228212', 'standardname': 'Oostende'}",1767704340,0,0,0,0,BE.NMBS.IC535,"{'name': 'BE.NMBS.IC535', 'shortname': 'IC 535', 'number': '535', 'type': 'IC', 'locationX': '0', 'locationY': '0', '@id': 'http://irail.be/vehicle/IC535'}",2,"{'name': '2', 'normal': '1'}","{'@id': 'http://api.irail.be/terms/unknown', 'name': 'unknown'}",http://irail.be/connections/8813003/20260106/IC535
1,Brussels-South/Brussels-Midi,"{'@id': 'http://irail.be/stations/NMBS/008814001', 'id': 'BE.NMBS.008814001', 'name': 'Brussels-South/Brussels-Midi', 'locationX': '4.336531', 'locationY': '50.835707', 'standardname': 'Brussel-Zuid/Bruxelles-Midi'}",1767704340,1920,0,0,0,BE.NMBS.IC3134,"{'name': 'BE.NMBS.IC3134', 'shortname': 'IC 3134', 'number': '3134', 'type': 'IC', 'locationX': '0', 'locationY': '0', '@id': 'http://irail.be/vehicle/IC3134'}",6,"{'name': '6', 'normal': '1'}","{'@id': 'http://api.irail.be/terms/unknown', 'name': 'unknown'}",http://irail.be/connections/8813003/20260106/IC3134
2,Kortrijk,"{'@id': 'http://irail.be/stations/NMBS/008896008', 'id': 'BE.NMBS.008896008', 'name': 'Kortrijk', 'locationX': '3.264549', 'locationY': '50.824506', 'standardname': 'Kortrijk'}",1767704400,0,0,0,0,BE.NMBS.IC5135,"{'name': 'BE.NMBS.IC5135', 'shortname': 'IC 5135', 'number': '5135', 'type': 'IC', 'locationX': '0', 'locationY': '0', '@id': 'http://irail.be/vehicle/IC5135'}",4,"{'name': '4', 'normal': '1'}","{'@id': 'http://api.irail.be/terms/unknown', 'name': 'unknown'}",http://irail.be/connections/8813003/20260106/IC5135
3,Antwerp-Central,"{'@id': 'http://irail.be/stations/NMBS/008821006', 'id': 'BE.NMBS.008821006', 'name': 'Antwerp-Central', 'locationX': '4.421101', 'locationY': '51.2172', 'standardname': 'Antwerpen-Centraal'}",1767704460,0,0,0,0,BE.NMBS.IC3113,"{'name': 'BE.NMBS.IC3113', 'shortname': 'IC 3113', 'number': '3113', 'type': 'IC', 'locationX': '0', 'locationY': '0', '@id': 'http://irail.be/vehicle/IC3113'}",5,"{'name': '5', 'normal': '1'}","{'@id': 'http://api.irail.be/terms/unknown', 'name': 'unknown'}",http://irail.be/connections/8813003/20260106/IC3113
4,Eupen,"{'@id': 'http://irail.be/stations/NMBS/008844628', 'id': 'BE.NMBS.008844628', 'name': 'Eupen', 'locationX': '6.03711', 'locationY': '50.635157', 'standardname': 'Eupen'}",1767704460,0,0,0,0,BE.NMBS.IC512,"{'name': 'BE.NMBS.IC512', 'shortname': 'IC 512', 'number': '512', 'type': 'IC', 'locationX': '0', 'locationY': '0', '@id': 'http://irail.be/vehicle/IC512'}",1,"{'name': '1', 'normal': '1'}","{'@id': 'http://api.irail.be/terms/unknown', 'name': 'unknown'}",http://irail.be/connections/8813003/20260106/IC512
5,Schaarbeek/Schaerbeek,"{'@id': 'http://irail.be/stations/NMBS/008811007', 'id': 'BE.NMBS.008811007', 'name': 'Schaarbeek/Schaerbeek', 'locationX': '4.378636', 'locationY': '50.878513', 'standardname': 'Schaarbeek/Schaerbeek'}",1767704640,0,0,0,0,BE.NMBS.IC5112,"{'name': 'BE.NMBS.IC5112', 'shortname': 'IC 5112', 'number': '5112', 'type': 'IC', 'locationX': '0', 'locationY': '0', '@id': 'http://irail.be/vehicle/IC5112'}",3,"{'name': '3', 'normal': '1'}","{'@id': 'http://api.irail.be/terms/unknown', 'name': 'unknown'}",http://irail.be/connections/8813003/20260106/IC5112
6,Leuven,"{'@id': 'http://irail.be/stations/NMBS/008833001', 'id': 'BE.NMBS.008833001', 'name': 'Leuven', 'locationX': '4.715866', 'locationY': '50.88228', 'standardname': 'Leuven'}",1767704640,0,0,0,0,BE.NMBS.S23763,"{'name': 'BE.NMBS.S23763', 'shortname': 'S2 3763', 'number': '3763', 'type': 'S2', 'locationX': '0', 'locationY': '0', '@id': 'http://irail.be/vehicle/S23763'}",5,"{'name': '5', 'normal': '1'}","{'@id': 'http://api.irail.be/terms/unknown', 'name': 'unknown'}",http://irail.be/connections/8813003/20260106/S23763
7,Tournai,"{'@id': 'http://irail.be/stations/NMBS/008885001', 'id': 'BE.NMBS.008885001', 'name': 'Tournai', 'locationX': '3.396942', 'locationY': '50.613134', 'standardname': 'Tournai'}",1767704760,0,0,0,0,BE.NMBS.IC1935,"{'name': 'BE.NMBS.IC1935', 'shortname': 'IC 1935', 'number': '1935', 'type': 'IC', 'locationX': '0', 'locationY': '0', '@id': 'http://irail.be/vehicle/IC1935'}",4,"{'name': '4', 'normal': '1'}","{'@id': 'http://api.irail.be/terms/unknown', 'name': 'unknown'}",http://irail.be/connections/8813003/20260106/IC1935
8,Aalst,"{'@id': 'http://irail.be/stations/NMBS/008895000', 'id': 'BE.NMBS.008895000', 'name': 'Aalst', 'locationX': '4.039653', 'locationY': '50.942813', 'standardname': 'Aalst'}",1767704760,840,0,0,0,BE.NMBS.S102064,"{'name': 'BE.NMBS.S102064', 'shortname': 'S10 2064', 'number': '2064', 'type': 'S10', 'locationX': '0', 'locationY': '0', '@id': 'http://irail.be/vehicle/S102064'}",1,"{'name': '1', 'normal': '1'}","{'@id': 'http://api.irail.be/terms/unknown', 'name': 'unknown'}",http://irail.be/connections/8813003/20260106/S102064
9,Charleroi-Central,"{'@id': 'http://irail.be/stations/NMBS/008872009', 'id': 'BE.NMBS.008872009', 'name': 'Charleroi-Central', 'locationX': '4.438567', 'locationY': '50.40471', 'standardname': 'Charleroi-Central'}",1767704820,120,0,0,0,BE.NMBS.IC2035,"{'name': 'BE.NMBS.IC2035', 'shortname': 'IC 2035', 'number': '2035', 'type': 'IC', 'locationX': '0', 'locationY': '0', '@id': 'http://irail.be/vehicle/IC2035'}",6,"{'name': '6', 'normal': '1'}","{'@id': 'http://api.irail.be/terms/unknown', 'name': 'unknown'}",http://irail.be/connections/8813003/20260106/IC2035
10,Liège-Saint-Lambert,"{'@id': 'http://irail.be/stations/NMBS/008841525', 'id': 'BE.NMBS.008841525', 'name': 'Liège-Saint-Lambert', 'locationX': '5.570453', 'locationY': '50.646349', 'standardname': 'Liège-Saint-Lambert'}",1767704880,0,0,0,0,BE.NMBS.IC2414,"{'name': 'BE.NMBS.IC2414', 'shortname': 'IC 2414', 'number': '2414', 'type': 'IC', 'locationX': '0', 'locationY': '0', '@id': 'http://irail.be/vehicle/IC2414'}",3,"{'name': '3', 'normal': '1'}","{'@id': 'http://api.irail.be/terms/unknown', 'name': 'unknown'}",http://irail.be/connections/8813003/20260106/IC2414
11,Antwerp-Central,"{'@id': 'http://irail.be/stations/NMBS/008821006', 'id': 'BE.NMBS.008821006', 'name': 'Antwerp-Central', 'locationX': '4.421101', 'locationY': '51.2172', 'standardname': 'Antwerpen-Centraal'}",1767704940,0,0,0,0,BE.NMBS.S11763,"{'name': 'BE.NMBS.S11763', 'shortname': 'S1 1763', 'number': '1763', 'type': 'S1', 'locationX': '0', 'locationY': '0', '@id': 'http://irail.be/vehicle/S11763'}",5,"{'name': '5', 'normal': '1'}","{'@id': 'http://api.irail.be/terms/unknown', 'name': 'unknown'}",http://irail.be/connections/8813003/20260106/S11763
12,Zottegem,"{'@id': 'http://irail.be/stations/NMBS/008895208', 'id': 'BE.NMBS.008895208', 'name': 'Zottegem', 'locationX': '3.81441', 'locationY': '50.869102', 'standardname': 'Zottegem'}",1767704940,0,0,0,0,BE.NMBS.S86585,"{'name': 'BE.NMBS.S86585', 'shortname': 'S8 6585', 'number': '6585', 'type': 'S8', 'locationX': '0', 'locationY': '0', '@id': 'http://irail.be/vehicle/S86585'}",4,"{'name': '4', 'normal': '1'}","{'@id': 'http://api.irail.be/terms/unknown', 'name': 'unknown'}",http://irail.be/connections/8813003/20260106/S86585
13,Denderleeuw,"{'@id': 'http://irail.be/stations/NMBS/008895802', 'id': 'BE.NMBS.008895802', 'name': 'Denderleeuw', 'locationX': '4.071825', 'locationY': '50.891925', 'standardname': 'Denderleeuw'}",1767705120,60,0,0,0,BE.NMBS.S32285,"{'name': 'BE.NMBS.S32285', 'shortname': 'S3 2285', 'number': '2285', 'type': 'S3', 'locationX': '0', 'locationY': '0', '@id': 'http://irail.be/vehicle/S32285'}",2,"{'name': '2', 'normal': '1'}","{'@id': 'http://api.irail.be/terms/unknown', 'name': 'unknown'}",http://irail.be/connections/8813003/20260106/S32285
14,Brussels-South/Brussels-Midi,"{'@id': 'http://irail.be/stations/NMBS/008814001', 'id': 'BE.NMBS.008814001', 'name': 'Brussels-South/Brussels-Midi', 'locationX': '4.336531', 'locationY': '50.835707', 'standardname': 'Brussel-Zuid/Bruxelles-Midi'}",1767705180,420,0,0,0,BE.NMBS.EC9232,"{'name': 'BE.NMBS.EC9232', 'shortname': 'EC 9232', 'number': '9232', 'type': 'EC', 'locationX': '0', 'locationY': '0', '@id': 'http://irail.be/vehicle/EC9232'}",4,"{'name': '4', 'normal': '1'}","{'@id': 'http://api.irail.be/terms/unknown', 'name': 'unknown'}",http://irail.be/connections/8813003/20260106/EC9232
15,Brussels Airport - Zaventem,"{'@id': 'http://irail.be/stations/NMBS/008819406', 'id': 'BE.NMBS.008819406', 'name': 'Brussels Airport - Zaventem', 'locationX': '4.482076', 'locationY': '50.896456', 'standardname': 'Brussels Airport - Zaventem'}",1767705240,0,0,0,0,BE.NMBS.IC3713,"{'name': 'BE.NMBS.IC3713', 'shortname': 'IC 3713', 'number': '3713', 'type': 'IC', 'locationX': '0', 'locationY': '0', '@id': 'http://irail.be/vehicle/IC3713'}",1,"{'name': '1', 'normal': '1'}","{'@id': 'http://api.irail.be/terms/unknown', 'name': 'unknown'}",http://irail.be/connections/8813003/20260106/IC3713
16,Genk,"{'@id': 'http://irail.be/stations/NMBS/008831765', 'id': 'BE.NMBS.008831765', 'name': 'Genk', 'locationX': '5.497685', 'locationY': '50.967057', 'standardname': 'Genk'}",1767705360,0,0,0,0,BE.NMBS.IC3613,"{'name': 'BE.NMBS.IC3613', 'shortname': 'IC 3613', 'number': '3613', 'type': 'IC', 'locationX': '0', 'locationY': '0', '@id': 'http://irail.be/vehicle/IC3613'}",3,"{'name': '3', 'normal': '1'}","{'@id': 'http://api.irail.be/terms/unknown', 'name': 'unknown'}",http://irail.be/connections/8813003/20260106/IC3613
17,Ghent-Sint-Pieters,"{'@id': 'http://irail.be/stations/NMBS/008892007', 'id': 'BE.NMBS.008892007', 'name': 'Ghent-Sint-Pieters', 'locationX': '3.710675', 'locationY': '51.035896', 'standardname': 'Gent-Sint-Pieters'}",1767705360,0,0,0,0,BE.NMBS.IC2235,"{'name': 'BE.NMBS.IC2235', 'shortname': 'IC 2235', 'number': '2235', 'type': 'IC', 'locationX': '0', 'locationY': '0', '@id': 'http://irail.be/vehicle/IC2235'}",2,"{'name': '2', 'normal': '1'}","{'@id': 'http://api.irail.be/terms/unknown', 'name': 'unknown'}",http://irail.be/connections/8813003/20260106/IC2235
18,Liège-Guillemins,"{'@id': 'http://irail.be/stations/NMBS/008841004', 'id': 'BE.NMBS.008841004', 'name': 'Liège-Guillemins', 'locationX': '5.566695', 'locationY': '50.62455', 'standardname': 'Liège-Guillemins'}",1767705480,0,0,0,0,BE.NMBS.IC2812,"{'name': 'BE.NMBS.IC2812', 'shortname': 'IC 2812', 'number': '2812', 'type': 'IC', 'locationX': '0', 'locationY': '0', '@id': 'http://irail.be/vehicle/IC2812'}",1,"{'name': '1', 'normal': '1'}","{'@id': 'http://api.irail.be/terms/unknown', 'name': 'unknown'}",http://irail.be/connections/8813003/20260106/IC2812
19,Nivelles,"{'@id': 'http://irail.be/stations/NMBS/008814209', 'id': 'BE.NMBS.008814209', 'name': 'Nivelles', 'locationX': '4.335065', 'locationY': '50.599641', 'standardname': 'Nivelles'}",1767705480,120,0,0,0,BE.NMBS.S11985,"{'name': 'BE.NMBS.S11985', 'shortname': 'S1 1985', 'number': '1985', 'type': 'S1', 'locationX': '0', 'locationY': '0', '@id': 'http://irail.be/vehicle/S11985'}",6,"{'name': '6', 'normal': '1'}","{'@id': 'http://api.irail.be/terms/unknown', 'name': 'unknown'}",http://irail.be/connections/8813003/20260106/S11985
20,Quievrain,"{'@id': 'http://irail.be/stations/NMBS/008884335', 'id': 'BE.NMBS.008884335', 'name': 'Quievrain', 'locationX': '3.68608', 'locationY': '50.410103', 'standardname': 'Quievrain'}",1767705480,0,0,0,0,BE.NMBS.IC1735,"{'name': 'BE.NMBS.IC1735', 'shortname': 'IC 1735', 'number': '1735', 'type': 'IC', 'locationX': '0', 'locationY': '0', '@id': 'http://irail.be/vehicle/IC1735'}",4,"{'name': '4', 'normal': '1'}","{'@id': 'http://api.irail.be/terms/unknown', 'name': 'unknown'}",http://irail.be/connections/8813003/20260106/IC1735
21,Blankenberge,"{'@id': 'http://irail.be/stations/NMBS/008891405', 'id': 'BE.NMBS.008891405', 'name': 'Blankenberge', 'locationX': '3.133864', 'locationY': '51.312432', 'standardname': 'Blankenberge'}",1767705660,0,0,0,0,BE.NMBS.IC1535,"{'name': 'BE.NMBS.IC1535', 'shortname': 'IC 1535', 'number': '1535', 'type': 'IC', 'locationX': '0', 'locationY': '0', '@id': 'http://irail.be/vehicle/IC1535'}",2,"{'name': '2', 'normal': '1'}","{'@id': 'http://api.irail.be/terms/unknown', 'name': 'unknown'}",http://irail.be/connections/8813003/20260106/IC1535
22,Dendermonde,"{'@id': 'http://irail.be/stations/NMBS/008893401', 'id': 'BE.NMBS.008893401', 'name': 'Dendermonde', 'locationX': '4.101427', 'locationY': '51.022781', 'standardname': 'Dendermonde'}",1767705720,0,0,0,0,BE.NMBS.IC3212,"{'name': 'BE.NMBS.IC3212', 'shortname': 'IC 3212', 'number': '3212', 'type': 'IC', 'locationX': '0', 'locationY': '0', '@id': 'http://irail.be/vehicle/IC3212'}",1,"{'name': '1', 'normal': '1'}","{'@id': 'http://api.irail.be/terms/unknown', 'name': 'unknown'}",http://irail.be/connections/8813003/20260106/IC3212
23,Binche,"{'@id': 'http://irail.be/stations/NMBS/008882362', 'id': 'BE.NMBS.008882362', 'name': 'Binche', 'locationX': '4.172451', 'locationY': '50.408764', 'standardname': 'Binche'}",1767705780,60,0,0,0,BE.NMBS.IC3435,"{'name': 'BE.NMBS.IC3435', 'shortname': 'IC 3435', 'number': '3435', 'type': 'IC', 'locationX': '0', 'locationY': '0', '@id': 'http://irail.be/vehicle/IC3435'}",6,"{'name': '6', 'normal': '1'}","{'@id': 'http://api.irail.be/terms/unknown', 'name': 'unknown'}",http://irail.be/connections/8813003/20260106/IC3435
24,Louvain-la-Neuve,"{'@id': 'http://irail.be/stations/NMBS/008811676', 'id': 'BE.NMBS.008811676', 'name': 'Louvain-la-Neuve', 'locationX': '4.615745', 'locationY': '50.669793', 'standardname': 'Louvain-la-Neuve'}",1767705840,0,0,0,0,BE.NMBS.S83963,"{'name': 'BE.NMBS.S83963', 'shortname': 'S8 3963', 'number': '3963', 'type': 'S8', 'locationX': '0', 'locationY': '0', '@id': 'http://irail.be/vehicle/S83963'}",3,"{'name': '3', 'normal': '1'}","{'@id': 'http://api.irail.be/terms/unknown', 'name': 'unknown'}",http://irail.be/connections/8813003/20260106/S83963
25,Brussels-South/Brussels-Midi,"{'@id': 'http://irail.be/stations/NMBS/008814001', 'id': 'BE.NMBS.008814001', 'name': 'Brussels-South/Brussels-Midi', 'locationX': '4.336531', 'locationY': '50.835707', 'standardname': 'Brussel-Zuid/Bruxelles-Midi'}",1767705840,0,0,0,0,BE.NMBS.IC2134,"{'name': 'BE.NMBS.IC2134', 'shortname': 'IC 2134', 'number': '2134', 'type': 'IC', 'locationX': '0', 'locationY': '0', '@id': 'http://irail.be/vehicle/IC2134'}",4,"{'name': '4', 'normal': '1'}","{'@id': 'http://api.irail.be/terms/unknown', 'name': 'unknown'}",http://irail.be/connections/8813003/20260106/IC2134
26,Antwerp-Central,"{'@id': 'http://irail.be/stations/NMBS/008821006', 'id': 'BE.NMBS.008821006', 'name': 'Antwerp-Central', 'locationX': '4.421101', 'locationY': '51.2172', 'standardname': 'Antwerpen-Centraal'}",1767705900,60,0,0,0,BE.NMBS.IC4513,"{'name': 'BE.NMBS.IC4513', 'shortname': 'IC 4513', 'number': '4513', 'type': 'IC', 'locationX': '0', 'locationY': '0', '@id': 'http://irail.be/vehicle/IC4513'}",5,"{'name': '5', 'normal': '1'}","{'@id': 'http://api.irail.be/terms/unknown', 'name': 'unknown'}",http://irail.be/connections/8813003/20260106/IC4513
27,Braine-le-Comte,"{'@id': 'http://irail.be/stations/NMBS/008883006', 'id': 'BE.NMBS.008883006', 'name': 'Braine-le-Comte', 'locationX': '4.137662', 'locationY': '50.605079', 'standardname': 'Braine-le-Comte'}",1767706020,0,0,0,0,BE.NMBS.S23685,"{'name': 'BE.NMBS.S23685', 'shortname': 'S2 3685', 'number': '3685', 'type': 'S2', 'locationX': '0', 'locationY': '0', '@id': 'http://irail.be/vehicle/S23685'}",4,"{'name': '4', 'normal': '1'}","{'@id': 'http://api.irail.be/terms/unknown', 'name': 'unknown'}",http://irail.be/connections/8813003/20260106/S23685
28,Brussels Airport - Zaventem,"{'@id': 'http://irail.be/stations/NMBS/008819406', 'id': 'BE.NMBS.008819406', 'name': 'Brussels Airport - Zaventem', 'locationX': '4.482076', 'locationY': '50.896456', 'standardname': 'Brussels Airport - Zaventem'}",1767706080,0,0,0,0,BE.NMBS.IC2311,"{'name': 'BE.NMBS.IC2311', 'shortname': 'IC 2311', 'number': '2311', 'type': 'IC', 'locationX': '0', 'locationY': '0', '@id': 'http://irail.be/vehicle/IC2311'}",3,"{'name': '3', 'normal': '1'}","{'@id': 'http://api.irail.be/terms/unknown', 'name': 'unknown'}",http://irail.be/connections/8813003/20260106/IC2311
29,Kortrijk,"{'@id': 'http://irail.be/stations/NMBS/008896008', 'id': 'BE.NMBS.008896008', 'name': 'Kortrijk', 'locationX': '3.264549', 'locationY': '50.824506', 'standardname': 'Kortrijk'}",1767706080,0,0,0,0,BE.NMBS.IC435,"{'name': 'BE.NMBS.IC435', 'shortname': 'IC 435', 'number': '435', 'type': 'IC', 'locationX': '0', 'locationY': '0', '@id': 'http://irail.be/vehicle/IC435'}",2,"{'name': '2', 'normal': '1'}","{'@id': 'http://api.irail.be/terms/unknown', 'name': 'unknown'}",http://irail.be/connections/8813003/20260106/IC435
30,Kortrijk,"{'@id': 'http://irail.be/stations/NMBS/008896008', 'id': 'BE.NMBS.008896008', 'name': 'Kortrijk', 'locationX': '3.264549', 'locationY': '50.824506', 'standardname': 'Kortrijk'}",1767706320,0,0,0,0,BE.NMBS.IC2337,"{'name': 'BE.NMBS.IC2337', 'shortname': 'IC 2337', 'number': '2337', 'type': 'IC', 'locationX': '0', 'locationY': '0', '@id': 'http://irail.be/vehicle/IC2337'}",4,"{'name': '4', 'normal': '1'}","{'@id': 'http://api.irail.be/terms/unknown', 'name': 'unknown'}",http://irail.be/connections/8813003/20260106/IC2337
31,Welkenraedt,"{'@id': 'http://irail.be/stations/NMBS/008844503', 'id': 'BE.NMBS.008844503', 'name': 'Welkenraedt', 'locationX': '5.975381', 'locationY': '50.659707', 'standardname': 'Welkenraedt'}",1767706380,60,0,0,0,BE.NMBS.IC413,"{'name': 'BE.NMBS.IC413', 'shortname': 'IC 413', 'number': '413', 'type': 'IC', 'locationX': '0', 'locationY': '0', '@id': 'http://irail.be/vehicle/IC413'}",1,"{'name': '1', 'normal': '1'}","{'@id': 'http://api.irail.be/terms/unknown', 'name': 'unknown'}",http://irail.be/connections/8813003/20260106/IC413
32,Leuven,"{'@id': 'http://irail.be/stations/NMBS/008833001', 'id': 'BE.NMBS.008833001', 'name': 'Leuven', 'locationX': '4.715866', 'locationY': '50.88228', 'standardname': 'Leuven'}",1767706440,0,0,0,0,BE.NMBS.S23663,"{'name': 'BE.NMBS.S23663', 'shortname': 'S2 3663', 'number': '3663', 'type': 'S2', 'locationX': '0', 'locationY': '0', '@id': 'http://irail.be/vehicle/S23663'}",5,"{'name': '5', 'normal': '1'}","{'@id': 'http://api.irail.be/terms/unknown', 'name': 'unknown'}",http://irail.be/connections/8813003/20260106/S23663
33,Zottegem,"{'@id': 'http://irail.be/stations/NMBS/008895208', 'id': 'BE.NMBS.008895208', 'name': 'Zottegem', 'locationX': '3.81441', 'locationY': '50.869102', 'standardname': 'Zottegem'}",1767706500,0,0,0,0,BE.NMBS.S83985,"{'name': 'BE.NMBS.S83985', 'shortname': 'S8 3985', 'number': '3985', 'type': 'S8', 'locationX': '0', 'locationY': '0', '@id': 'http://irail.be/vehicle/S83985'}",4,"{'name': '4', 'normal': '1'}","{'@id': 'http://api.irail.be/terms/unknown', 'name': 'unknown'}",http://irail.be/connections/8813003/20260106/S83985
34,Charleroi-Central,"{'@id': 'http://irail.be/stations/NMBS/008872009', 'id': 'BE.NMBS.008872009', 'name': 'Charleroi-Central', 'locationX': '4.438567', 'locationY': '50.40471', 'standardname': 'Charleroi-Central'}",1767706620,0,0,0,0,BE.NMBS.IC4535,"{'name': 'BE.NMBS.IC4535', 'shortname': 'IC 4535', 'number': '4535', 'type': 'IC', 'locationX': '0', 'locationY': '0', '@id': 'http://irail.be/vehicle/IC4535'}",6,"{'name': '6', 'normal': '1'}","{'@id': 'http://api.irail.be/terms/unknown', 'name': 'unknown'}",http://irail.be/connections/8813003/20260106/IC4535
35,Lëtzebuerg,"{'@id': 'http://irail.be/stations/NMBS/008200100', 'id': 'BE.NMBS.008200100', 'name': 'Lëtzebuerg', 'locationX': '6.133331', 'locationY': '49.599996', 'standardname': 'Lëtzebuerg'}",1767706620,0,0,0,0,BE.NMBS.IC2114,"{'name': 'BE.NMBS.IC2114', 'shortname': 'IC 2114', 'number': '2114', 'type': 'IC', 'locationX': '0', 'locationY': '0', '@id': 'http://irail.be/vehicle/IC2114'}",3,"{'name': '3', 'normal': '1'}","{'@id': 'http://api.irail.be/terms/unknown', 'name': 'unknown'}",http://irail.be/connections/8813003/20260106/IC2114
36,Turnhout,"{'@id': 'http://irail.be/stations/NMBS/008821907', 'id': 'BE.NMBS.008821907', 'name': 'Turnhout', 'locationX': '4.937415', 'locationY': '51.322032', 'standardname': 'Turnhout'}",1767706680,0,0,0,0,BE.NMBS.IC3413,"{'name': 'BE.NMBS.IC3413', 'shortname': 'IC 3413', 'number': '3413', 'type': 'IC', 'locationX': '0', 'locationY': '0', '@id': 'http://irail.be/vehicle/IC3413'}",5,"{'name': '5', 'normal': '1'}","{'@id': 'http://api.irail.be/terms/unknown', 'name': 'unknown'}",http://irail.be/connections/8813003/20260106/IC3413
37,Kortrijk,"{'@id': 'http://irail.be/stations/NMBS/008896008', 'id': 'BE.NMBS.008896008', 'name': 'Kortrijk', 'locationX': '3.264549', 'locationY': '50.824506', 'standardname': 'Kortrijk'}",1767706740,0,0,0,0,BE.NMBS.IC3236,"{'name': 'BE.NMBS.IC3236', 'shortname': 'IC 3236', 'number': '3236', 'type': 'IC', 'locationX': '0', 'locationY': '0', '@id': 'http://irail.be/vehicle/IC3236'}",2,"{'name': '2', 'normal': '1'}","{'@id': 'http://api.irail.be/terms/unknown', 'name': 'unknown'}",http://irail.be/connections/8813003/20260106/IC3236
38,Genk,"{'@id': 'http://irail.be/stations/NMBS/008831765', 'id': 'BE.NMBS.008831765', 'name': 'Genk', 'locationX': '5.497685', 'locationY': '50.967057', 'standardname': 'Genk'}",1767706860,0,0,0,0,BE.NMBS.IC1513,"{'name': 'BE.NMBS.IC1513', 'shortname': 'IC 1513', 'number': '1513', 'type': 'IC', 'locationX': '0', 'locationY': '0', '@id': 'http://irail.be/vehicle/IC1513'}",1,"{'name': '1', 'normal': '1'}","{'@id': 'http://api.irail.be/terms/unknown', 'name': 'unknown'}",http://irail.be/connections/8813003/20260106/IC1513
39,Antwerp-Central,"{'@id': 'http://irail.be/stations/NMBS/008821006', 'id': 'BE.NMBS.008821006', 'name': 'Antwerp-Central', 'locationX': '4.421101', 'locationY': '51.2172', 'standardname': 'Antwerpen-Centraal'}",1767706920,0,0,0,0,BE.NMBS.S11963,"{'name': 'BE.NMBS.S11963', 'shortname': 'S1 1963', 'number': '1963', 'type': 'S1', 'locationX': '0', 'locationY': '0', '@id': 'http://irail.be/vehicle/S11963'}",5,"{'name': '5', 'normal': '1'}","{'@id': 'http://api.irail.be/terms/unknown', 'name': 'unknown'}",http://irail.be/connections/8813003/20260106/S11963
40,Knokke,"{'@id': 'http://irail.be/stations/NMBS/008891660', 'id': 'BE.NMBS.008891660', 'name': 'Knokke', 'locationX': '3.285188', 'locationY': '51.339894', 'standardname': 'Knokke'}",1767706980,0,0,0,0,BE.NMBS.IC2836,"{'name': 'BE.NMBS.IC2836', 'shortname': 'IC 2836', 'number': '2836', 'type': 'IC', 'locationX': '0', 'locationY': '0', '@id': 'http://irail.be/vehicle/IC2836'}",2,"{'name': '2', 'normal': '1'}","{'@id': 'http://api.irail.be/terms/unknown', 'name': 'unknown'}",http://irail.be/connections/8813003/20260106/IC2836
41,Brussels Airport - Zaventem,"{'@id': 'http://irail.be/stations/NMBS/008819406', 'id': 'BE.NMBS.008819406', 'name': 'Brussels Airport - Zaventem', 'locationX': '4.482076', 'locationY': '50.896456', 'standardname': 'Brussels Airport - Zaventem'}",1767707100,0,0,0,0,BE.NMBS.IC2213,"{'name': 'BE.NMBS.IC2213', 'shortname': 'IC 2213', 'number': '2213', 'type': 'IC', 'locationX': '0', 'locationY': '0', '@id': 'http://irail.be/vehicle/IC2213'}",1,"{'name': '1', 'normal': '1'}","{'@id': 'http://api.irail.be/terms/unknown', 'name': 'unknown'}",http://irail.be/connections/8813003/20260106/IC2213
42,Tongeren,"{'@id': 'http://irail.be/stations/NMBS/008831310', 'id': 'BE.NMBS.008831310', 'name': 'Tongeren', 'locationX': '5.47328', 'locationY': '50.784405', 'standardname': 'Tongeren'}",1767707100,0,0,0,0,BE.NMBS.IC1713,"{'name': 'BE.NMBS.IC1713', 'shortname': 'IC 1713', 'number': '1713', 'type': 'IC', 'locationX': '0', 'locationY': '0', '@id': 'http://irail.be/vehicle/IC1713'}",3,"{'name': '3', 'normal': '1'}","{'@id': 'http://api.irail.be/terms/unknown', 'name': 'unknown'}",http://irail.be/connections/8813003/20260106/IC1713
43,Ghent-Sint-Pieters,"{'@id': 'http://irail.be/stations/NMBS/008892007', 'id': 'BE.NMBS.008892007', 'name': 'Ghent-Sint-Pieters', 'locationX': '3.710675', 'locationY': '51.035896', 'standardname': 'Gent-Sint-Pieters'}",1767707100,480,0,0,0,BE.NMBS.IC3635,"{'name': 'BE.NMBS.IC3635', 'shortname': 'IC 3635', 'number': '3635', 'type': 'IC', 'locationX': '0', 'locationY': '0', '@id': 'http://irail.be/vehicle/IC3635'}",4,"{'name': '4', 'normal': '1'}","{'@id': 'http://api.irail.be/terms/unknown', 'name': 'unknown'}",http://irail.be/connections/8813003/20260106/IC3635
44,Mons,"{'@id': 'http://irail.be/stations/NMBS/008881000', 'id': 'BE.NMBS.008881000', 'name': 'Mons', 'locationX': '3.942542', 'locationY': '50.453854', 'standardname': 'Mons'}",1767707280,0,0,0,0,BE.NMBS.IC3735,"{'name': 'BE.NMBS.IC3735', 'shortname': 'IC 3735', 'number': '3735', 'type': 'IC', 'locationX': '0', 'locationY': '0', '@id': 'http://irail.be/vehicle/IC3735'}",2,"{'name': '2', 'normal': '1'}","{'@id': 'http://api.irail.be/terms/unknown', 'name': 'unknown'}",http://irail.be/connections/8813003/20260106/IC3735
45,Dendermonde,"{'@id': 'http://irail.be/stations/NMBS/008893401', 'id': 'BE.NMBS.008893401', 'name': 'Dendermonde', 'locationX': '4.101427', 'locationY': '51.022781', 'standardname': 'Dendermonde'}",1767707280,0,0,0,0,BE.NMBS.S32263,"{'name': 'BE.NMBS.S32263', 'shortname': 'S3 2263', 'number': '2263', 'type': 'S3', 'locationX': '0', 'locationY': '0', '@id': 'http://irail.be/vehicle/S32263'}",1,"{'name': '1', 'normal': '1'}","{'@id': 'http://api.irail.be/terms/unknown', 'name': 'unknown'}",http://irail.be/connections/8813003/20260106/S32263
46,Rotterdam CS,"{'@id': 'http://irail.be/stations/NMBS/008400530', 'id': 'BE.NMBS.008400530', 'name': 'Rotterdam CS', 'locationX': '4.469313', 'locationY': '51.92485', 'standardname': 'Rotterdam CS'}",1767707340,0,0,0,0,BE.NMBS.EC9247,"{'name': 'BE.NMBS.EC9247', 'shortname': 'EC 9247', 'number': '9247', 'type': 'EC', 'locationX': '0', 'locationY': '0', '@id': 'http://irail.be/vehicle/EC9247'}",3,"{'name': '3', 'normal': '1'}","{'@id': 'http://api.irail.be/terms/unknown', 'name': 'unknown'}",http://irail.be/connections/8813003/20260106/EC9247
47,Louvain-la-Neuve,"{'@id': 'http://irail.be/stations/NMBS/008811676', 'id': 'BE.NMBS.008811676', 'name': 'Louvain-la-Neuve', 'locationX': '4.615745', 'locationY': '50.669793', 'standardname': 'Louvain-la-Neuve'}",1767707520,0,0,0,0,BE.NMBS.S86563,"{'name': 'BE.NMBS.S86563', 'shortname': 'S8 6563', 'number': '6563', 'type': 'S8', 'locationX': '0', 'locationY': '0', '@id': 'http://irail.be/vehicle/S86563'}",3,"{'name': '3', 'normal': '1'}","{'@id': 'http://api.irail.be/terms/unknown', 'name': 'unknown'}",http://irail.be/connections/8813003/20260106/S86563
48,Nivelles,"{'@id': 'http://irail.be/stations/NMBS/008814209', 'id': 'BE.NMBS.008814209', 'name': 'Nivelles', 'locationX': '4.335065', 'locationY': '50.599641', 'standardname': 'Nivelles'}",1767707520,0,0,0,0,BE.NMBS.S11785,"{'name': 'BE.NMBS.S11785', 'shortname': 'S1 1785', 'number': '1785', 'type': 'S1', 'locationX': '0', 'locationY': '0', '@id': 'http://irail.be/vehicle/S11785'}",6,"{'name': '6', 'normal': '1'}","{'@id': 'http://api.irail.be/terms/unknown', 'name': 'unknown'}",http://irail.be/connections/8813003/20260106/S11785
49,Brussels-South/Brussels-Midi,"{'@id': 'http://irail.be/stations/NMBS/008814001', 'id': 'BE.NMBS.008814001', 'name': 'Brussels-South/Brussels-Midi', 'locationX': '4.336531', 'locationY': '50.835707', 'standardname': 'Brussel-Zuid/Bruxelles-Midi'}",1767707580,0,0,0,0,BE.NMBS.IC2434,"{'name': 'BE.NMBS.IC2434', 'shortname': 'IC 2434', 'number': '2434', 'type': 'IC', 'locationX': '0', 'locationY': '0', '@id': 'http://irail.be/vehicle/IC2434'}",4,"{'name': '4', 'normal': '1'}","{'@id': 'http://api.irail.be/terms/unknown', 'name': 'unknown'}",http://irail.be/connections/8813003/20260106/IC2434
50,Dendermonde,"{'@id': 'http://irail.be/stations/NMBS/008893401', 'id': 'BE.NMBS.008893401', 'name': 'Dendermonde', 'locationX': '4.101427', 'locationY': '51.022781', 'standardname': 'Dendermonde'}",1767707640,60,0,0,0,BE.NMBS.S102084,"{'name': 'BE.NMBS.S102084', 'shortname': 'S10 2084', 'number': '2084', 'type': 'S10', 'locationX': '0', 'locationY': '0', '@id': 'http://irail.be/vehicle/S102084'}",2,"{'name': '2', 'normal': '1'}","{'@id': 'http://api.irail.be/terms/unknown', 'name': 'unknown'}",http://irail.be/connections/8813003/20260106/S102084
51,Essen,"{'@id': 'http://irail.be/stations/NMBS/008821402', 'id': 'BE.NMBS.008821402', 'name': 'Essen', 'locationX': '4.451314', 'locationY': '51.462767', 'standardname': 'Essen'}",1767707700,0,0,0,0,BE.NMBS.IC2013,"{'name': 'BE.NMBS.IC2013', 'shortname': 'IC 2013', 'number': '2013', 'type': 'IC', 'locationX': '0', 'locationY': '0', '@id': 'http://irail.be/vehicle/IC2013'}",5,"{'name': '5', 'normal': '1'}","{'@id': 'http://api.irail.be/terms/unknown', 'name': 'unknown'}",http://irail.be/connections/8813003/20260106/IC2013
52,Brussels Airport - Zaventem,"{'@id': 'http://irail.be/stations/NMBS/008819406', 'id': 'BE.NMBS.008819406', 'name': 'Brussels Airport - Zaventem', 'locationX': '4.482076', 'locationY': '50.896456', 'standardname': 'Brussels Airport - Zaventem'}",1767707760,0,0,0,0,BE.NMBS.IC1913,"{'name': 'BE.NMBS.IC1913', 'shortname': 'IC 1913', 'number': '1913', 'type': 'IC', 'locationX': '0', 'locationY': '0', '@id': 'http://irail.be/vehicle/IC1913'}",3,"{'name': '3', 'normal': '1'}","{'@id': 'http://api.irail.be/terms/unknown', 'name': 'unknown'}",http://irail.be/connections/8813003/20260106/IC1913
53,Braine-le-Comte,"{'@id': 'http://irail.be/stations/NMBS/008883006', 'id': 'BE.NMBS.008883006', 'name': 'Braine-le-Comte', 'locationX': '4.137662', 'locationY': '50.605079', 'standardname': 'Braine-le-Comte'}",1767707760,0,0,0,0,BE.NMBS.S23785,"{'name': 'BE.NMBS.S23785', 'shortname': 'S2 3785', 'number': '3785', 'type': 'S2', 'locationX': '0', 'locationY': '0', '@id': 'http://irail.be/vehicle/S23785'}",4,"{'name': '4', 'normal': '1'}","{'@id': 'http://api.irail.be/terms/unknown', 'name': 'unknown'}",http://irail.be/connections/8813003/20260106/S23785
0,Puurs,"{'@id': 'http://irail.be/stations/NMBS/008822715', 'id': 'BE.NMBS.008822715', 'name': 'Puurs', 'locationX': '4.282703', 'locationY': '51.07722', 'standardname': 'Puurs'}",1767703380,2220,0,0,0,BE.NMBS.S322384,"{'name': 'BE.NMBS.S322384', 'shortname': 'S32 2384', 'number': '2384', 'type': 'S32', 'locationX': '0', 'locationY': '0', '@id': 'http://irail.be/vehicle/S322384'}",23,"{'name': '23', 'normal': '1'}","{'@id': 'http://api.irail.be/terms/unknown', 'name': 'unknown'}",http://irail.be/connections/8821006/20260106/S322384
1,Leuven,"{'@id': 'http://irail.be/stations/NMBS/008833001', 'id': 'BE.NMBS.008833001', 'name': 'Leuven', 'locationX': '4.715866', 'locationY': '50.88228', 'standardname': 'Leuven'}",1767704280,0,0,0,0,BE.NMBS.L2863,"{'name': 'BE.NMBS.L2863', 'shortname': 'L 2863', 'number': '2863', 'type': 'L', 'locationX': '0', 'locationY': '0', '@id': 'http://irail.be/vehicle/L2863'}",12,"{'name': '12', 'normal': '0'}","{'@id': 'http://api.irail.be/terms/unknown', 'name': 'unknown'}",http://irail.be/connections/8821006/20260106/L2863
2,Noorderkempen (brecht),"{'@id': 'http://irail.be/stations/NMBS/008821105', 'id': 'BE.NMBS.008821105', 'name': 'Noorderkempen (brecht)', 'locationX': '4.632204', 'locationY': '51.356838', 'standardname': 'Noorderkempen'}",1767704580,0,0,0,0,BE.NMBS.S356784,"{'name': 'BE.NMBS.S356784', 'shortname': 'S35 6784', 'number': '6784', 'type': 'S35', 'locationX': '0', 'locationY': '0', '@id': 'http://irail.be/vehicle/S356784'}",23,"{'name': '23', 'normal': '0'}","{'@id': 'http://api.irail.be/terms/unknown', 'name': 'unknown'}",http://irail.be/connections/8821006/20260106/S356784
3,Brussels-South/Brussels-Midi,"{'@id': 'http://irail.be/stations/NMBS/008814001', 'id': 'BE.NMBS.008814001', 'name': 'Brussels-South/Brussels-Midi', 'locationX': '4.336531', 'locationY': '50.835707', 'standardname': 'Brussel-Zuid/Bruxelles-Midi'}",1767704700,0,0,0,0,BE.NMBS.IC3135,"{'name': 'BE.NMBS.IC3135', 'shortname': 'IC 3135', 'number': '3135', 'type': 'IC', 'locationX': '0', 'locationY': '0', '@id': 'http://irail.be/vehicle/IC3135'}",24,"{'name': '24', 'normal': '1'}","{'@id': 'http://api.irail.be/terms/unknown', 'name': 'unknown'}",http://irail.be/connections/8821006/20260106/IC3135
4,Nivelles,"{'@id': 'http://irail.be/stations/NMBS/008814209', 'id': 'BE.NMBS.008814209', 'name': 'Nivelles', 'locationX': '4.335065', 'locationY': '50.599641', 'standardname': 'Nivelles'}",1767704700,0,0,0,0,BE.NMBS.S11986,"{'name': 'BE.NMBS.S11986', 'shortname': 'S1 1986', 'number': '1986', 'type': 'S1', 'locationX': '0', 'locationY': '0', '@id': 'http://irail.be/vehicle/S11986'}",13,"{'name': '13', 'normal': '0'}","{'@id': 'http://api.irail.be/terms/unknown', 'name': 'unknown'}",http://irail.be/connections/8821006/20260106/S11986
5,Ostend,"{'@id': 'http://irail.be/stations/NMBS/008891702', 'id': 'BE.NMBS.008891702', 'name': 'Ostend', 'locationX': '2.925809', 'locationY': '51.228212', 'standardname': 'Oostende'}",1767704760,0,0,0,0,BE.NMBS.IC1835,"{'name': 'BE.NMBS.IC1835', 'shortname': 'IC 1835', 'number': '1835', 'type': 'IC', 'locationX': '0', 'locationY': '0', '@id': 'http://irail.be/vehicle/IC1835'}",2,"{'name': '2', 'normal': '1'}","{'@id': 'http://api.irail.be/terms/unknown', 'name': 'unknown'}",http://irail.be/connections/8821006/20260106/IC1835
6,Hamont,"{'@id': 'http://irail.be/stations/NMBS/008832664', 'id': 'BE.NMBS.008832664', 'name': 'Hamont', 'locationX': '5.543279', 'locationY': '51.246424', 'standardname': 'Hamont'}",1767704940,0,0,0,0,BE.NMBS.IC4314,"{'name': 'BE.NMBS.IC4314', 'shortname': 'IC 4314', 'number': '4314', 'type': 'IC', 'locationX': '0', 'locationY': '0', '@id': 'http://irail.be/vehicle/IC4314'}",1,"{'name': '1', 'normal': '1'}","{'@id': 'http://api.irail.be/terms/unknown', 'name': 'unknown'}",http://irail.be/connections/8821006/20260106/IC4314
7,Puurs,"{'@id': 'http://irail.be/stations/NMBS/008822715', 'id': 'BE.NMBS.008822715', 'name': 'Puurs', 'locationX': '4.282703', 'locationY': '51.07722', 'standardname': 'Puurs'}",1767705180,120,0,0,0,BE.NMBS.S322584,"{'name': 'BE.NMBS.S322584', 'shortname': 'S32 2584', 'number': '2584', 'type': 'S32', 'locationX': '0', 'locationY': '0', '@id': 'http://irail.be/vehicle/S322584'}",23,"{'name': '23', 'normal': '1'}","{'@id': 'http://api.irail.be/terms/unknown', 'name': 'unknown'}",http://irail.be/connections/8821006/20260106/S322584
8,Hasselt,"{'@id': 'http://irail.be/stations/NMBS/008831005', 'id': 'BE.NMBS.008831005', 'name': 'Hasselt', 'locationX': '5.327627', 'locationY': '50.930822', 'standardname': 'Hasselt'}",1767705420,0,0,0,0,BE.NMBS.IC4914,"{'name': 'BE.NMBS.IC4914', 'shortname': 'IC 4914', 'number': '4914', 'type': 'IC', 'locationX': '0', 'locationY': '0', '@id': 'http://irail.be/vehicle/IC4914'}",14,"{'name': '14', 'normal': '0'}","{'@id': 'http://api.irail.be/terms/unknown', 'name': 'unknown'}",http://irail.be/connections/8821006/20260106/IC4914
9,Brussels-South/Brussels-Midi,"{'@id': 'http://irail.be/stations/NMBS/008814001', 'id': 'BE.NMBS.008814001', 'name': 'Brussels-South/Brussels-Midi', 'locationX': '4.336531', 'locationY': '50.835707', 'standardname': 'Brussel-Zuid/Bruxelles-Midi'}",1767705540,0,0,0,0,BE.NMBS.EC9236,"{'name': 'BE.NMBS.EC9236', 'shortname': 'EC 9236', 'number': '9236', 'type': 'EC', 'locationX': '0', 'locationY': '0', '@id': 'http://irail.be/vehicle/EC9236'}",24,"{'name': '24', 'normal': '1'}","{'@id': 'http://api.irail.be/terms/unknown', 'name': 'unknown'}",http://irail.be/connections/8821006/20260106/EC9236
10,Essen,"{'@id': 'http://irail.be/stations/NMBS/008821402', 'id': 'BE.NMBS.008821402', 'name': 'Essen', 'locationX': '4.451314', 'locationY': '51.462767', 'standardname': 'Essen'}",1767705600,0,0,0,0,BE.NMBS.S322363,"{'name': 'BE.NMBS.S322363', 'shortname': 'S32 2363', 'number': '2363', 'type': 'S32', 'locationX': '0', 'locationY': '0', '@id': 'http://irail.be/vehicle/S322363'}",22,"{'name': '22', 'normal': '1'}","{'@id': 'http://api.irail.be/terms/unknown', 'name': 'unknown'}",http://irail.be/connections/8821006/20260106/S322363
11,Mol,"{'@id': 'http://irail.be/stations/NMBS/008832409', 'id': 'BE.NMBS.008832409', 'name': 'Mol', 'locationX': '5.116336', 'locationY': '51.19105', 'standardname': 'Mol'}",1767705840,0,0,0,0,BE.NMBS.S332964,"{'name': 'BE.NMBS.S332964', 'shortname': 'S33 2964', 'number': '2964', 'type': 'S33', 'locationX': '0', 'locationY': '0', '@id': 'http://irail.be/vehicle/S332964'}",6,"{'name': '6', 'normal': '1'}","{'@id': 'http://api.irail.be/terms/unknown', 'name': 'unknown'}",http://irail.be/connections/8821006/20260106/S332964
12,Charleroi-Central,"{'@id': 'http://irail.be/stations/NMBS/008872009', 'id': 'BE.NMBS.008872009', 'name': 'Charleroi-Central', 'locationX': '4.438567', 'locationY': '50.40471', 'standardname': 'Charleroi-Central'}",1767705900,0,0,0,0,BE.NMBS.IC2036,"{'name': 'BE.NMBS.IC2036', 'shortname': 'IC 2036', 'number': '2036', 'type': 'IC', 'locationX': '0', 'locationY': '0', '@id': 'http://irail.be/vehicle/IC2036'}",23,"{'name': '23', 'normal': '1'}","{'@id': 'http://api.irail.be/terms/unknown', 'name': 'unknown'}",http://irail.be/connections/8821006/20260106/IC2036
13,Leuven,"{'@id': 'http://irail.be/stations/NMBS/008833001', 'id': 'BE.NMBS.008833001', 'name': 'Leuven', 'locationX': '4.715866', 'locationY': '50.88228', 'standardname': 'Leuven'}",1767706200,0,0,0,0,BE.NMBS.IC2914,"{'name': 'BE.NMBS.IC2914', 'shortname': 'IC 2914', 'number': '2914', 'type': 'IC', 'locationX': '0', 'locationY': '0', '@id': 'http://irail.be/vehicle/IC2914'}",11,"{'name': '11', 'normal': '0'}","{'@id': 'http://api.irail.be/terms/unknown', 'name': 'unknown'}",http://irail.be/connections/8821006/20260106/IC2914
14,Amsterdam CS,"{'@id': 'http://irail.be/stations/NMBS/008400058', 'id': 'BE.NMBS.008400058', 'name': 'Amsterdam CS', 'locationX': '4.900632', 'locationY': '52.37908', 'standardname': 'Amsterdam CS'}",1767706200,300,0,0,0,BE.NMBS.EUR9339,"{'name': 'BE.NMBS.EUR9339', 'shortname': 'EUR 9339', 'number': '9339', 'type': 'EUR', 'locationX': '0', 'locationY': '0', '@id': 'http://irail.be/vehicle/EUR9339'}",22,"{'name': '22', 'normal': '1'}","{'@id': 'http://api.irail.be/terms/unknown', 'name': 'unknown'}",http://irail.be/connections/8821006/20260106/EUR9339
15,Paris Nord,"{'@id': 'http://irail.be/stations/NMBS/008727100', 'id': 'BE.NMBS.008727100', 'name': 'Paris Nord', 'locationX': '2.354577', 'locationY': '48.88011', 'standardname': 'Paris Nord'}",1767706380,840,0,0,0,BE.NMBS.EUR9352,"{'name': 'BE.NMBS.EUR9352', 'shortname': 'EUR 9352', 'number': '9352', 'type': 'EUR', 'locationX': '0', 'locationY': '0', '@id': 'http://irail.be/vehicle/EUR9352'}",23,"{'name': '23', 'normal': '1'}","{'@id': 'http://api.irail.be/terms/unknown', 'name': 'unknown'}",http://irail.be/connections/8821006/20260106/EUR9352
16,Amsterdam South,"{'@id': 'http://irail.be/stations/NMBS/008400061', 'id': 'BE.NMBS.008400061', 'name': 'Amsterdam South', 'locationX': '4.871946', 'locationY': '52.338865', 'standardname': 'Amsterdam Zuid'}",1767706500,0,1,0,0,BE.NMBS.ECD9551,"{'name': 'BE.NMBS.ECD9551', 'shortname': 'ECD 9551', 'number': '9551', 'type': 'ECD', 'locationX': '0', 'locationY': '0', '@id': 'http://irail.be/vehicle/ECD9551'}",?,"{'name': '?', 'normal': '1'}","{'@id': 'http://api.irail.be/terms/unknown', 'name': 'unknown'}",http://irail.be/connections/8821006/20260106/ECD9551
17,Poperinge,"{'@id': 'http://irail.be/stations/NMBS/008896735', 'id': 'BE.NMBS.008896735', 'name': 'Poperinge', 'locationX': '2.736343', 'locationY': '50.854449', 'standardname': 'Poperinge'}",1767706560,0,0,0,0,BE.NMBS.IC714,"{'name': 'BE.NMBS.IC714', 'shortname': 'IC 714', 'number': '714', 'type': 'IC', 'locationX': '0', 'locationY': '0', '@id': 'http://irail.be/vehicle/IC714'}",2,"{'name': '2', 'normal': '1'}","{'@id': 'http://api.irail.be/terms/unknown', 'name': 'unknown'}",http://irail.be/connections/8821006/20260106/IC714
18,Nivelles,"{'@id': 'http://irail.be/stations/NMBS/008814209', 'id': 'BE.NMBS.008814209', 'name': 'Nivelles', 'locationX': '4.335065', 'locationY': '50.599641', 'standardname': 'Nivelles'}",1767706740,0,0,0,0,BE.NMBS.S11786,"{'name': 'BE.NMBS.S11786', 'shortname': 'S1 1786', 'number': '1786', 'type': 'S1', 'locationX': '0', 'locationY': '0', '@id': 'http://irail.be/vehicle/S11786'}",12,"{'name': '12', 'normal': '0'}","{'@id': 'http://api.irail.be/terms/unknown', 'name': 'unknown'}",http://irail.be/connections/8821006/20260106/S11786
19,Essen,"{'@id': 'http://irail.be/stations/NMBS/008821402', 'id': 'BE.NMBS.008821402', 'name': 'Essen', 'locationX': '4.451314', 'locationY': '51.462767', 'standardname': 'Essen'}",1767706740,0,0,0,0,BE.NMBS.IC2012,"{'name': 'BE.NMBS.IC2012', 'shortname': 'IC 2012', 'number': '2012', 'type': 'IC', 'locationX': '0', 'locationY': '0', '@id': 'http://irail.be/vehicle/IC2012'}",22,"{'name': '22', 'normal': '1'}","{'@id': 'http://api.irail.be/terms/unknown', 'name': 'unknown'}",http://irail.be/connections/8821006/20260106/IC2012
20,Puurs,"{'@id': 'http://irail.be/stations/NMBS/008822715', 'id': 'BE.NMBS.008822715', 'name': 'Puurs', 'locationX': '4.282703', 'locationY': '51.07722', 'standardname': 'Puurs'}",1767706980,540,0,0,0,BE.NMBS.S322385,"{'name': 'BE.NMBS.S322385', 'shortname': 'S32 2385', 'number': '2385', 'type': 'S32', 'locationX': '0', 'locationY': '0', '@id': 'http://irail.be/vehicle/S322385'}",23,"{'name': '23', 'normal': '1'}","{'@id': 'http://api.irail.be/terms/unknown', 'name': 'unknown'}",http://irail.be/connections/8821006/20260106/S322385
21,Rotterdam CS,"{'@id': 'http://irail.be/stations/NMBS/008400530', 'id': 'BE.NMBS.008400530', 'name': 'Rotterdam CS', 'locationX': '4.469313', 'locationY': '51.92485', 'standardname': 'Rotterdam CS'}",1767707100,0,0,0,0,BE.NMBS.EC9243,"{'name': 'BE.NMBS.EC9243', 'shortname': 'EC 9243', 'number': '9243', 'type': 'EC', 'locationX': '0', 'locationY': '0', '@id': 'http://irail.be/vehicle/EC9243'}",21,"{'name': '21', 'normal': '1'}","{'@id': 'http://api.irail.be/terms/unknown', 'name': 'unknown'}",http://irail.be/connections/8821006/20260106/EC9243
22,Turnhout,"{'@id': 'http://irail.be/stations/NMBS/008821907', 'id': 'BE.NMBS.008821907', 'name': 'Turnhout', 'locationX': '4.937415', 'locationY': '51.322032', 'standardname': 'Turnhout'}",1767707220,0,0,0,0,BE.NMBS.IC4235,"{'name': 'BE.NMBS.IC4235', 'shortname': 'IC 4235', 'number': '4235', 'type': 'IC', 'locationX': '0', 'locationY': '0', '@id': 'http://irail.be/vehicle/IC4235'}",1,"{'name': '1', 'normal': '0'}","{'@id': 'http://api.irail.be/terms/unknown', 'name': 'unknown'}",http://irail.be/connections/8821006/20260106/IC4235
23,Hasselt,"{'@id': 'http://irail.be/stations/NMBS/008831005', 'id': 'BE.NMBS.008831005', 'name': 'Hasselt', 'locationX': '5.327627', 'locationY': '50.930822', 'standardname': 'Hasselt'}",1767707340,0,0,0,0,BE.NMBS.IC2614,"{'name': 'BE.NMBS.IC2614', 'shortname': 'IC 2614', 'number': '2614', 'type': 'IC', 'locationX': '0', 'locationY': '0', '@id': 'http://irail.be/vehicle/IC2614'}",24,"{'name': '24', 'normal': '1'}","{'@id': 'http://api.irail.be/terms/unknown', 'name': 'unknown'}",http://irail.be/connections/8821006/20260106/IC2614
24,Roosendaal,"{'@id': 'http://irail.be/stations/NMBS/008400526', 'id': 'BE.NMBS.008400526', 'name': 'Roosendaal', 'locationX': '4.458692', 'locationY': '51.540834', 'standardname': 'Roosendaal'}",1767707400,120,0,0,0,BE.NMBS.S322564,"{'name': 'BE.NMBS.S322564', 'shortname': 'S32 2564', 'number': '2564', 'type': 'S32', 'locationX': '0', 'locationY': '0', '@id': 'http://irail.be/vehicle/S322564'}",22,"{'name': '22', 'normal': '1'}","{'@id': 'http://api.irail.be/terms/unknown', 'name': 'unknown'}",http://irail.be/connections/8821006/20260106/S322564
25,De Panne,"{'@id': 'http://irail.be/stations/NMBS/008892338', 'id': 'BE.NMBS.008892338', 'name': 'De Panne', 'locationX': '2.601963', 'locationY': '51.0774', 'standardname': 'De Panne'}",1767707460,0,0,0,0,BE.NMBS.IC3014,"{'name': 'BE.NMBS.IC3014', 'shortname': 'IC 3014', 'number': '3014', 'type': 'IC', 'locationX': '0', 'locationY': '0', '@id': 'http://irail.be/vehicle/IC3014'}",13,"{'name': '13', 'normal': '0'}","{'@id': 'http://api.irail.be/terms/unknown', 'name': 'unknown'}",http://irail.be/connections/8821006/20260106/IC3014
26,Charleroi-Central,"{'@id': 'http://irail.be/stations/NMBS/008872009', 'id': 'BE.NMBS.008872009', 'name': 'Charleroi-Central', 'locationX': '4.438567', 'locationY': '50.40471', 'standardname': 'Charleroi-Central'}",1767707640,0,0,0,0,BE.NMBS.IC4536,"{'name': 'BE.NMBS.IC4536', 'shortname': 'IC 4536', 'number': '4536', 'type': 'IC', 'locationX': '0', 'locationY': '0', '@id': 'http://irail.be/vehicle/IC4536'}",23,"{'name': '23', 'normal': '1'}","{'@id': 'http://api.irail.be/terms/unknown', 'name': 'unknown'}",http://irail.be/connections/8821006/20260106/IC4536
